{
    "binFileName": "SinhCustom_00b2b0b8ab8f50db439d6cb44263785b",
    "binFileSuffix": ".o",
    "blockDim": -1,
    "coreType": "VectorCore",
    "core_type": "AIV",
    "kernelName": "SinhCustom_00b2b0b8ab8f50db439d6cb44263785b",
    "magic": "RT_DEV_BINARY_MAGIC_ELF",
    "memoryStamping": [],
    "opParaSize": 8,
    "parameters": [],
    "sha256": "8ee38a8215f20041dbed2ad79f8d28927f77d0801d1e407975caa99e92002c5e",
    "workspace": {
        "num": 1,
        "size": [
            -1
        ],
        "type": [
            0
        ]
    },
    "kernelList": [
        {
            "kernelName": "SinhCustom_00b2b0b8ab8f50db439d6cb44263785b_0"
        }
    ],
    "optionalInputMode": "gen_placeholder",
    "compileInfo": {},
    "supportInfo": {
        "implMode": "",
        "int64Mode": false,
        "simplifiedKeyMode": 0,
        "simplifiedKey": [
            "SinhCustom/d=0,p=0/1,2/1,2",
            "SinhCustom/d=1,p=0/1,2/1,2"
        ],
        "staticKey": "6ea53f6da880a8179848e8d27d9656470fcc75d7d663e87a5ddd49a942d586d5",
        "inputs": [
            {
                "name": "x",
                "index": 0,
                "dtype": "float16",
                "format": "ND",
                "paramType": "required",
                "shape": [
                    -2
                ]
            }
        ],
        "outputs": [
            {
                "name": "y",
                "index": 0,
                "dtype": "float16",
                "format": "ND",
                "paramType": "required",
                "shape": [
                    -2
                ]
            }
        ],
        "opMode": "dynamic",
        "optionalInputMode": "gen_placeholder",
        "deterministic": "ignore"
    }
}